[
  {
    "anonymous": false,
    "inputs": [
      {
        "indexed": true,
        "internalType": "address",
        "name": "previousOwner",
        "type": "address"
      },
      {
        "indexed": true,
        "internalType": "address",
        "name": "newOwner",
        "type": "address"
      }
    ],
    "name": "OwnershipTransferred",
    "type": "event"
  },
  {
    "anonymous": false,
    "inputs": [
      {
        "indexed": true,
        "internalType": "uint256",
        "name": "templateId",
        "type": "uint256"
      },
      {
        "indexed": true,
        "internalType": "address",
        "name": "template",
        "type": "address"
      }
    ],
    "name": "TemplateAdded",
    "type": "event"
  },
  {
    "anonymous": false,
    "inputs": [
      {
        "indexed": true,
        "internalType": "uint256",
        "name": "templateId",
        "type": "uint256"
      },
      {
        "indexed": true,
        "internalType": "address",
        "name": "accumulatedYield",
        "type": "address"
      },
      {
        "indexed": true,
        "internalType": "address",
        "name": "vault",
        "type": "address"
      }
    ],
    "name": "YieldCreated",
    "type": "event"
  },
  {
    "inputs": [
      {
        "internalType": "uint256",
        "name": "templateId",
        "type": "uint256"
      },
      {
        "internalType": "address",
        "name": "template",
        "type": "address"
      }
    ],
    "name": "addTemplate",
    "outputs": [],
    "stateMutability": "nonpayable",
    "type": "function"
  },
  {
    "inputs": [
      {
        "internalType": "uint256",
        "name": "templateId",
        "type": "uint256"
      },
      {
        "internalType": "address",
        "name": "vault",
        "type": "address"
      },
      {
        "internalType": "address",
        "name": "vaultToken",
        "type": "address"
      },
      {
        "internalType": "bytes",
        "name": "initData",
        "type": "bytes"
      }
    ],
    "name": "createYield",
    "outputs": [
      {
        "internalType": "address",
        "name": "accumulatedYield",
        "type": "address"
      }
    ],
    "stateMutability": "nonpayable",
    "type": "function"
  },
  {
    "inputs": [
      {
        "internalType": "uint256",
        "name": "templateId",
        "type": "uint256"
      }
    ],
    "name": "getTemplate",
    "outputs": [
      {
        "internalType": "address",
        "name": "",
        "type": "address"
      }
    ],
    "stateMutability": "view",
    "type": "function"
  },
  {
    "inputs": [],
    "name": "getTemplateCount",
    "outputs": [
      {
        "internalType": "uint256",
        "name": "",
        "type": "uint256"
      }
    ],
    "stateMutability": "view",
    "type": "function"
  },
  {
    "inputs": [],
    "name": "owner",
    "outputs": [
      {
        "internalType": "address",
        "name": "",
        "type": "address"
      }
    ],
    "stateMutability": "view",
    "type": "function"
  },
  {
    "inputs": [],
    "name": "renounceOwnership",
    "outputs": [],
    "stateMutability": "nonpayable",
    "type": "function"
  },
  {
    "inputs": [],
    "name": "templateCount",
    "outputs": [
      {
        "internalType": "uint256",
        "name": "",
        "type": "uint256"
      }
    ],
    "stateMutability": "view",
    "type": "function"
  },
  {
    "inputs": [
      {
        "internalType": "uint256",
        "name": "",
        "type": "uint256"
      }
    ],
    "name": "templates",
    "outputs": [
      {
        "internalType": "address",
        "name": "",
        "type": "address"
      }
    ],
    "stateMutability": "view",
    "type": "function"
  },
  {
    "inputs": [
      {
        "internalType": "address",
        "name": "newOwner",
        "type": "address"
      }
    ],
    "name": "transferOwnership",
    "outputs": [],
    "stateMutability": "nonpayable",
    "type": "function"
  }
]
