[
  {
    "inputs": [
      {
        "internalType": "address",
        "name": "_vaultFactory",
        "type": "address"
      },
      {
        "internalType": "address",
        "name": "_tokenFactory",
        "type": "address"
      },
      {
        "internalType": "address",
        "name": "_fundFactory",
        "type": "address"
      },
      {
        "internalType": "address",
        "name": "_YieldFactory",
        "type": "address"
      }
    ],
    "stateMutability": "nonpayable",
    "type": "constructor"
  },
  {
    "anonymous": false,
    "inputs": [
      {
        "indexed": false,
        "internalType": "address",
        "name": "vaultFactory",
        "type": "address"
      },
      {
        "indexed": false,
        "internalType": "address",
        "name": "tokenFactory",
        "type": "address"
      },
      {
        "indexed": false,
        "internalType": "address",
        "name": "fundFactory",
        "type": "address"
      },
      {
        "indexed": false,
        "internalType": "address",
        "name": "dividendFactory",
        "type": "address"
      }
    ],
    "name": "FactoriesUpdated",
    "type": "event"
  },
  {
    "anonymous": false,
    "inputs": [
      {
        "indexed": true,
        "internalType": "address",
        "name": "fund",
        "type": "address"
      }
    ],
    "name": "FundCreated",
    "type": "event"
  },
  {
    "anonymous": false,
    "inputs": [
      {
        "indexed": true,
        "internalType": "address",
        "name": "previousOwner",
        "type": "address"
      },
      {
        "indexed": true,
        "internalType": "address",
        "name": "newOwner",
        "type": "address"
      }
    ],
    "name": "OwnershipTransferred",
    "type": "event"
  },
  {
    "anonymous": false,
    "inputs": [
      {
        "indexed": false,
        "internalType": "string",
        "name": "name",
        "type": "string"
      },
      {
        "indexed": false,
        "internalType": "address",
        "name": "vault",
        "type": "address"
      },
      {
        "indexed": false,
        "internalType": "address",
        "name": "token",
        "type": "address"
      },
      {
        "indexed": false,
        "internalType": "address",
        "name": "fund",
        "type": "address"
      },
      {
        "indexed": false,
        "internalType": "address",
        "name": "yield",
        "type": "address"
      },
      {
        "indexed": false,
        "internalType": "address",
        "name": "deployer",
        "type": "address"
      }
    ],
    "name": "ProjectCreated",
    "type": "event"
  },
  {
    "anonymous": false,
    "inputs": [
      {
        "indexed": true,
        "internalType": "address",
        "name": "token",
        "type": "address"
      }
    ],
    "name": "TokenCreated",
    "type": "event"
  },
  {
    "anonymous": false,
    "inputs": [
      {
        "indexed": true,
        "internalType": "address",
        "name": "vault",
        "type": "address"
      }
    ],
    "name": "VaultCreated",
    "type": "event"
  },
  {
    "anonymous": false,
    "inputs": [
      {
        "indexed": true,
        "internalType": "address",
        "name": "yield",
        "type": "address"
      }
    ],
    "name": "YieldCreated",
    "type": "event"
  },
  {
    "inputs": [
      {
        "internalType": "address",
        "name": "user",
        "type": "address"
      }
    ],
    "name": "addToWhitelist",
    "outputs": [],
    "stateMutability": "nonpayable",
    "type": "function"
  },
  {
    "inputs": [
      {
        "internalType": "string",
        "name": "projectName",
        "type": "string"
      },
      {
        "internalType": "uint256",
        "name": "vaultTemplateId",
        "type": "uint256"
      },
      {
        "internalType": "bytes",
        "name": "vaultInitData",
        "type": "bytes"
      },
      {
        "internalType": "uint256",
        "name": "tokenTemplateId",
        "type": "uint256"
      },
      {
        "internalType": "bytes",
        "name": "tokenInitData",
        "type": "bytes"
      },
      {
        "internalType": "uint256",
        "name": "fundTemplateId",
        "type": "uint256"
      },
      {
        "internalType": "bytes",
        "name": "fundInitData",
        "type": "bytes"
      },
      {
        "internalType": "uint256",
        "name": "dividendTemplateId",
        "type": "uint256"
      },
      {
        "internalType": "bytes",
        "name": "dividendInitData",
        "type": "bytes"
      }
    ],
    "name": "deployAll",
    "outputs": [
      {
        "components": [
          {
            "internalType": "address",
            "name": "vault",
            "type": "address"
          },
          {
            "internalType": "address",
            "name": "token",
            "type": "address"
          },
          {
            "internalType": "address",
            "name": "fund",
            "type": "address"
          },
          {
            "internalType": "address",
            "name": "accumulatedYield",
            "type": "address"
          }
        ],
        "internalType": "struct ICreation.DeploymentResult",
        "name": "result",
        "type": "tuple"
      }
    ],
    "stateMutability": "nonpayable",
    "type": "function"
  },
  {
    "inputs": [
      {
        "internalType": "uint256",
        "name": "templateId",
        "type": "uint256"
      },
      {
        "internalType": "address",
        "name": "vault",
        "type": "address"
      },
      {
        "internalType": "address",
        "name": "vaultToken",
        "type": "address"
      },
      {
        "internalType": "bytes",
        "name": "initData",
        "type": "bytes"
      }
    ],
    "name": "deployDividend",
    "outputs": [
      {
        "internalType": "address",
        "name": "dividend",
        "type": "address"
      }
    ],
    "stateMutability": "nonpayable",
    "type": "function"
  },
  {
    "inputs": [
      {
        "internalType": "uint256",
        "name": "templateId",
        "type": "uint256"
      },
      {
        "internalType": "address",
        "name": "vault",
        "type": "address"
      },
      {
        "internalType": "bytes",
        "name": "initData",
        "type": "bytes"
      }
    ],
    "name": "deployFund",
    "outputs": [
      {
        "internalType": "address",
        "name": "fund",
        "type": "address"
      }
    ],
    "stateMutability": "nonpayable",
    "type": "function"
  },
  {
    "inputs": [
      {
        "internalType": "uint256",
        "name": "templateId",
        "type": "uint256"
      },
      {
        "internalType": "address",
        "name": "vault",
        "type": "address"
      },
      {
        "internalType": "bytes",
        "name": "initData",
        "type": "bytes"
      }
    ],
    "name": "deployToken",
    "outputs": [
      {
        "internalType": "address",
        "name": "token",
        "type": "address"
      }
    ],
    "stateMutability": "nonpayable",
    "type": "function"
  },
  {
    "inputs": [
      {
        "internalType": "uint256",
        "name": "templateId",
        "type": "uint256"
      },
      {
        "internalType": "bytes",
        "name": "initData",
        "type": "bytes"
      }
    ],
    "name": "deployVault",
    "outputs": [
      {
        "internalType": "address",
        "name": "vault",
        "type": "address"
      }
    ],
    "stateMutability": "nonpayable",
    "type": "function"
  },
  {
    "inputs": [],
    "name": "fundFactory",
    "outputs": [
      {
        "internalType": "contract FundFactory",
        "name": "",
        "type": "address"
      }
    ],
    "stateMutability": "view",
    "type": "function"
  },
  {
    "inputs": [],
    "name": "getFactories",
    "outputs": [
      {
        "internalType": "address",
        "name": "",
        "type": "address"
      },
      {
        "internalType": "address",
        "name": "",
        "type": "address"
      },
      {
        "internalType": "address",
        "name": "",
        "type": "address"
      },
      {
        "internalType": "address",
        "name": "",
        "type": "address"
      }
    ],
    "stateMutability": "view",
    "type": "function"
  },
  {
    "inputs": [
      {
        "internalType": "string",
        "name": "projectName",
        "type": "string"
      }
    ],
    "name": "getProjectByName",
    "outputs": [
      {
        "components": [
          {
            "internalType": "string",
            "name": "name",
            "type": "string"
          },
          {
            "internalType": "address",
            "name": "vault",
            "type": "address"
          },
          {
            "internalType": "address",
            "name": "token",
            "type": "address"
          },
          {
            "internalType": "address",
            "name": "fund",
            "type": "address"
          },
          {
            "internalType": "address",
            "name": "accumulatedYield",
            "type": "address"
          },
          {
            "internalType": "uint256",
            "name": "createdAt",
            "type": "uint256"
          },
          {
            "internalType": "address",
            "name": "deployer",
            "type": "address"
          }
        ],
        "internalType": "struct ICreation.Project",
        "name": "",
        "type": "tuple"
      }
    ],
    "stateMutability": "view",
    "type": "function"
  },
  {
    "inputs": [
      {
        "internalType": "address",
        "name": "user",
        "type": "address"
      }
    ],
    "name": "getUserProjectDetails",
    "outputs": [
      {
        "components": [
          {
            "internalType": "string",
            "name": "name",
            "type": "string"
          },
          {
            "internalType": "address",
            "name": "vault",
            "type": "address"
          },
          {
            "internalType": "address",
            "name": "token",
            "type": "address"
          },
          {
            "internalType": "address",
            "name": "fund",
            "type": "address"
          },
          {
            "internalType": "address",
            "name": "accumulatedYield",
            "type": "address"
          },
          {
            "internalType": "uint256",
            "name": "createdAt",
            "type": "uint256"
          },
          {
            "internalType": "address",
            "name": "deployer",
            "type": "address"
          }
        ],
        "internalType": "struct ICreation.Project[]",
        "name": "",
        "type": "tuple[]"
      }
    ],
    "stateMutability": "view",
    "type": "function"
  },
  {
    "inputs": [
      {
        "internalType": "address",
        "name": "user",
        "type": "address"
      }
    ],
    "name": "getUserProjects",
    "outputs": [
      {
        "components": [
          {
            "internalType": "address",
            "name": "vault",
            "type": "address"
          },
          {
            "internalType": "address",
            "name": "token",
            "type": "address"
          },
          {
            "internalType": "address",
            "name": "fund",
            "type": "address"
          },
          {
            "internalType": "address",
            "name": "accumulatedYield",
            "type": "address"
          }
        ],
        "internalType": "struct ICreation.DeploymentResult[]",
        "name": "result",
        "type": "tuple[]"
      }
    ],
    "stateMutability": "view",
    "type": "function"
  },
  {
    "inputs": [],
    "name": "owner",
    "outputs": [
      {
        "internalType": "address",
        "name": "",
        "type": "address"
      }
    ],
    "stateMutability": "view",
    "type": "function"
  },
  {
    "inputs": [
      {
        "internalType": "string",
        "name": "",
        "type": "string"
      }
    ],
    "name": "projects",
    "outputs": [
      {
        "internalType": "string",
        "name": "name",
        "type": "string"
      },
      {
        "internalType": "address",
        "name": "vault",
        "type": "address"
      },
      {
        "internalType": "address",
        "name": "token",
        "type": "address"
      },
      {
        "internalType": "address",
        "name": "fund",
        "type": "address"
      },
      {
        "internalType": "address",
        "name": "accumulatedYield",
        "type": "address"
      },
      {
        "internalType": "uint256",
        "name": "createdAt",
        "type": "uint256"
      },
      {
        "internalType": "address",
        "name": "deployer",
        "type": "address"
      }
    ],
    "stateMutability": "view",
    "type": "function"
  },
  {
    "inputs": [
      {
        "internalType": "address",
        "name": "user",
        "type": "address"
      }
    ],
    "name": "removeFromWhitelist",
    "outputs": [],
    "stateMutability": "nonpayable",
    "type": "function"
  },
  {
    "inputs": [],
    "name": "renounceOwnership",
    "outputs": [],
    "stateMutability": "nonpayable",
    "type": "function"
  },
  {
    "inputs": [
      {
        "internalType": "address",
        "name": "_vaultFactory",
        "type": "address"
      },
      {
        "internalType": "address",
        "name": "_tokenFactory",
        "type": "address"
      },
      {
        "internalType": "address",
        "name": "_fundFactory",
        "type": "address"
      },
      {
        "internalType": "address",
        "name": "_dividendFactory",
        "type": "address"
      }
    ],
    "name": "setFactories",
    "outputs": [],
    "stateMutability": "nonpayable",
    "type": "function"
  },
  {
    "inputs": [],
    "name": "tokenFactory",
    "outputs": [
      {
        "internalType": "contract TokenFactory",
        "name": "",
        "type": "address"
      }
    ],
    "stateMutability": "view",
    "type": "function"
  },
  {
    "inputs": [
      {
        "internalType": "address",
        "name": "newOwner",
        "type": "address"
      }
    ],
    "name": "transferOwnership",
    "outputs": [],
    "stateMutability": "nonpayable",
    "type": "function"
  },
  {
    "inputs": [
      {
        "internalType": "address",
        "name": "",
        "type": "address"
      },
      {
        "internalType": "uint256",
        "name": "",
        "type": "uint256"
      }
    ],
    "name": "userProjects",
    "outputs": [
      {
        "internalType": "string",
        "name": "",
        "type": "string"
      }
    ],
    "stateMutability": "view",
    "type": "function"
  },
  {
    "inputs": [
      {
        "internalType": "bytes",
        "name": "dividendInitData",
        "type": "bytes"
      }
    ],
    "name": "validateDividendInitData",
    "outputs": [],
    "stateMutability": "pure",
    "type": "function"
  },
  {
    "inputs": [
      {
        "internalType": "bytes",
        "name": "fundInitData",
        "type": "bytes"
      }
    ],
    "name": "validateFundInitData",
    "outputs": [],
    "stateMutability": "pure",
    "type": "function"
  },
  {
    "inputs": [
      {
        "internalType": "bytes",
        "name": "tokenInitData",
        "type": "bytes"
      }
    ],
    "name": "validateTokenInitData",
    "outputs": [],
    "stateMutability": "pure",
    "type": "function"
  },
  {
    "inputs": [
      {
        "internalType": "bytes",
        "name": "vaultInitData",
        "type": "bytes"
      }
    ],
    "name": "validateVaultInitData",
    "outputs": [],
    "stateMutability": "pure",
    "type": "function"
  },
  {
    "inputs": [],
    "name": "vaultFactory",
    "outputs": [
      {
        "internalType": "contract VaultFactory",
        "name": "",
        "type": "address"
      }
    ],
    "stateMutability": "view",
    "type": "function"
  },
  {
    "inputs": [
      {
        "internalType": "address",
        "name": "",
        "type": "address"
      }
    ],
    "name": "whitelist",
    "outputs": [
      {
        "internalType": "bool",
        "name": "",
        "type": "bool"
      }
    ],
    "stateMutability": "view",
    "type": "function"
  },
  {
    "inputs": [],
    "name": "yieldFactory",
    "outputs": [
      {
        "internalType": "contract YieldFactory",
        "name": "",
        "type": "address"
      }
    ],
    "stateMutability": "view",
    "type": "function"
  }
]
